BJ.1,BM.1.1.1,44
BA.5,BA.2.17,12
BA.1.1*,BA.2.9*,12
BA.1.9,BA.2.9*,10
BA.1.1*,BA.2.23,8
BA.5.2*,BA.2,8
BA.1.9,BA.2.25,7
BA.5,BA.2.9*,6
BA.1.1.7,BA.2.23,6
BA.5.2.2,BA.2,6
BM.1.1*,BJ.1,6
B.1.526,B.1.1.7*,6
AY.112*,AY.26,6
BA.1.9,BA.2.23,5
BA.5.5*,BA.2,5
AY.112*,AY.66,5
BA.5.2.1*,BA.2,5
BA.2.45,BA.1.1*,5
BA.1.1*,BA.2.3.16,5
BA.5.5*,BA.2.17,5
BA.1.1*,BA.2.31,5
B.1.637,B.1.1.7*,5
BA.3.1,BA.2.69,5
BA.1.1.7,BA.2.9*,4
BA.1.9,BA.2.78,4
BA.5,BA.2,4
BA.1.9,BA.2.17,4
BA.2.3.16,B.1.1.322,4
BA.1.1*,BA.2.7*,4
BA.1.9,BA.2.16,4
BA.2.69,BA.3.1,4
B.1.351,B.1.1.7*,4
BQ.1.1.17,BF.18,4
BQ.1.1.17,BA.5.2*,4
AY.36.1,B.1.1.529,4
AY.36.1,BA.3,4
BA.2.75.2*,BF.3.1*,3
BA.2.3.16,BA.5,3
AY.4.11,BA.1.1*,3
BA.1.9,BA.2.31,3
BA.2,BA.3.1,3
AY.75*,AY.25.1*,3
BA.5,BG.3,3
BA.1.9,BA.2.37*,3
BA.4.6,BA.5.1.12,3
BA.4.6,BA.5.2.1*,3
BE.1.1*,BA.2,3
BA.3.1,BA.2.45,3
AY.112.3,B.1.1.368,3
BQ.1.1.17,BM.1.1.1,3
BA.5,BA.2.69,3
P.1*,B.1.1.7*,3
BA.2.3.16,B.1.1.63,3
BF.5*,BA.2,3
AY.4,BA.1.1*,3
B.1.2*,B.1.1.7*,3
BA.1.9,BA.2.3.13*,3
AY.4,AY.9.2*,3
BE.1.1*,BA.4.1*,3
AY.111,BA.1.1*,3
BA.2.10.1,BA.3.1,3
BA.1.1*,BA.2.37*,3
BA.1.9,BA.5,3
BA.1.13*,BA.2.78,3
B.1.429,B.1.1.7*,3
AY.112*,B.1.1.7*,3
BA.5.11,BA.2.17,3
AY.112*,AY.28,3
BA.1.13*,BA.2.9*,3
BJ.1,BM.1.1*,3
BA.2.75.2*,BA.5.2*,3
AY.39,AY.57*,3
B.1.595,AH.3,3
B.1.634,B.1.631,2
BJ.1,BA.2.37*,2
AY.123.1,AY.4.2*,2
CM.2*,BA.5.2*,2
CB.1,BA.5.2*,2
DF.1,BF.7*,2
AY.26,AY.3.1,2
B.1.634,B.1.627,2
AY.122.4,BA.2.3.16,2
AY.4,B.1.1.322,2
BA.4.6,BA.5.2*,2
BA.2.75.5*,BA.5.2*,2
AY.36,B.1.525,2
BA.2.9*,BA.3.1,2
BA.1.9,BA.2.7*,2
BA.1.1*,BA.2.78,2
B.1.1.7*,B.1.526,2
B.1.160*,B.1.258.11*,2
B.1.526,P.7,2
BA.5.2.2,BM.1.1.1,2
P.1.1,B.1.1.7*,2
AY.112*,BA.1.1*,2
BA.2.9*,BA.1.9,2
BA.1.1.7,BA.2.25,2
AY.75*,BA.1.1*,2
BA.5.2.2,BA.2.17,2
B.1.1.7*,R.1,2
BE.1.1.2*,BA.4.6,2
B.1.621*,B.1.1.322,2
BA.5.2.1*,BA.4.1.4,2
AY.119,BA.1.1*,2
BN.1.3*,BQ.2,2
BF.11,BA.2,2
AY.4.2*,BA.1.1*,2
BA.1.9,AY.39,2
BA.2.75.2*,BJ.1,2
B.1.1.7*,B.1.258.11*,2
BA.1.1.7,BA.2.78,2
AY.39,B.1.1.322,2
AY.112*,B.1.1.322,2
AY.75*,B.1.1.529,2
BA.1.9,BA.2.3.1*,2
BA.2.45,BA.3.1,2
BA.5.6*,BA.2,2
AY.112*,AY.14*,2
BJ.1,BA.2.75.6,2
AY.39,B.1.525,2
AY.36.1,B.1.525,2
BA.2.12.1*,BF.18,2
AY.36.1,C.37*,2
BL.4,BJ.1,2
BQ.1.23*,BM.1.1.1,2
BE.6,BA.2,2
BA.5.2.9*,BA.2,2
B.1.617.2,B.1.1.7*,2
AY.112*,AY.30,2
AY.103*,B.1.1.7*,2
B.1.637,B.1.1.322,2
BA.2.75.1*,BA.5.2*,2
BF.7*,BA.2.17,2
BA.2.12.1*,BA.5.2.1*,2
BQ.1.1.26,BA.2,2
BQ.1.23*,BA.2.17,2
BF.7*,BA.2,2
B.1.160*,B.1.1.7*,2
BA.2.3.1*,BA.3.1,2
AY.4,B.1.1.529,2
BA.3.1,BA.2.9*,2
AY.98,B.1.1.529,2
AY.112*,BA.1.9,2
BA.3.1,BA.2.11,2
BA.5.2.2,BN.1.3*,2
BA.5.2.1*,BA.2.17,2
BQ.1.1.13*,BA.2,2
AY.39,AY.28,2
BA.5,BA.2.56,2
BA.4.6.2,BE.4.1.1,2
AY.25.1*,AY.27,2
AY.122.4,B.1.1.322,2
AY.34,B.1.1.7*,2
BA.1.9,BA.2.38.1,2
BA.1.1*,AY.122.4,2
BA.1.9,B.1.617.2,2
B.1.351.2,B.1.1.7*,2
B.1.1.7*,B.1.525,2
B.1.526,B.1.637,2
B.1.1.7*,B.1.637,2
BA.2.37*,BA.3.1,2
BA.5.2.2,BE.4.1.1,1
AY.66,AY.25.1*,1
AY.122.4,AY.28,1
AY.66,BA.1.1*,1
AY.4.17,AY.23.1*,1
AY.75*,AY.4.2*,1
AY.98.1,AY.43.8,1
BQ.1.1.17,BA.5.2.1*,1
BJ.1,BL.4,1
AY.4.17,AY.122.2*,1
AY.26,AY.3.3*,1
BA.1.9,BA.2.69,1
BA.2.75.1*,BQ.1.1.26,1
B.1.177.18,B.1.1.7*,1
BA.2.75.1*,BQ.1*,1
BG.2,BA.5.5*,1
B.1.351.2,B.1.160.16*,1
AY.39,AY.66,1
AY.4.17,AY.43.6,1
AY.112*,AY.65,1
BA.5.2.45,BF.18,1
BA.5.2*,BA.2.9*,1
BA.1.1*,AY.39,1
BA.1.1*,B.1.617.2,1
AY.46.6,AY.18,1
AY.29.1,B.1.1.7*,1
AY.4.17,AY.122.3,1
AY.75*,AY.20,1
BM.1.1*,BQ.1.1.14,1
BA.1.9,AY.36.1,1
BJ.1,BA.2.75.2*,1
BA.5.2.2,BA.2.3.16,1
BM.1.1*,BQ.1.1.6,1
AY.25.1*,B.1.1.322,1
AY.101*,B.1.1.322,1
BA.1.9,BA.2.10.1,1
AY.122.4,B.1.1.529,1
AY.134,AY.26,1
BE.1.1*,BF.7.7,1
BA.1.1.7,BA.2.37*,1
AY.75.3,AY.25.1*,1
BJ.1,BA.5,1
AY.43.3,B.1.1.322,1
BF.5*,BA.2.17,1
BA.1.1*,BF.3.1*,1
BA.2,BA.1.9,1
BA.5.2.2,BQ.1.1.14,1
BA.2.23,AY.42,1
BA.1.1.7,BA.2.7*,1
CR.1.1*,BM.1.1.1,1
BA.1.1*,BA.2.3.1*,1
BG.4,BA.5,1
BJ.1,BU.1*,1
AY.4.2*,BA.3.1,1
AY.39.1.4,BA.1.1*,1
BA.5.5*,BA.4.1.4,1
BA.5.2.45,BA.5,1
AY.35*,AY.103.1,1
BA.5.2.2,BA.4.1.4,1
BM.1.1.1,BA.5.2*,1
BJ.1,BQ.1.1.14,1
BA.4.6,BF.7*,1
BA.2.9*,BA.5.1.12,1
BA.5,BA.2.45,1
AY.112*,AY.75*,1
BM.1.1*,BQ.2,1
B.1.1.7*,B.1.258.17*,1
AZ.6,AZ.4,1
AY.39,BA.1.9,1
AY.16,AY.127,1
BA.5,BA.2.3.1*,1
BQ.1.18,BF.11,1
BA.5.1.12,BA.2.45,1
AY.39,AY.75*,1
BA.4.1.4,BA.2.12.1*,1
BA.2.3.16,AY.39,1
P.1.1,BA.1.1*,1
BA.1.1*,BA.2.45,1
B.1.1.519,B.1.1.7*,1
BN.1.3*,BJ.1,1
AY.112*,AY.47*,1
AY.64,AY.3.3*,1
BA.1.9,AY.112*,1
BJ.1,BE.1.2.1,1
L.3,B.1.1.7*,1
BF.13*,BA.2.17,1
BA.1.1*,AY.112*,1
BA.5,BA.2.23,1
BE.3,BA.2,1
BA.2.12.1*,BA.5.5*,1
BA.5.6*,BF.7*,1
BA.2.75.2*,BQ.1.17,1
AY.4.11,BA.1.13*,1
BA.1.1*,AY.121,1
BM.1.1*,BA.5.2.1*,1
B.1.160*,B.1.258.17*,1
B.1.1.7*,B.1.351,1
AY.103*,B.1.1.322,1
BF.7*,BQ.1.1.14,1
AY.4.17,AY.43.5,1
B.1.631,B.1.1.7*,1
BQ.1.1.17,BE.6,1
BQ.2,BM.1.1*,1
BA.5.1.12,BA.2.23,1
AY.112*,AY.57*,1
AY.4.5,BA.2.9*,1
AY.75*,BA.3.1,1
B.1.561,B.1.1.429,1
BA.1.9,BA.2.38.4,1
B.1.160*,B.1.177.7*,1
AY.112*,AY.9.2*,1
BM.1.1.1,AY.35*,1
B.1.2*,B.1.1.214,1
BF.13*,BA.2.12.1*,1
AY.36.1,AY.28,1
BA.2.23,AY.112*,1
AY.112*,AY.35*,1
AY.103*,AY.14*,1
BA.1.13*,BA.2.23,1
B.1.617.3,B.1.1.7*,1
BA.4.1.4,BA.2.23,1
BA.4.6.3,BA.5.1.12,1
BA.1.1.7,BA.2.69,1
B.1.160*,B.1.1.70,1
AY.3.1,B.1.1.322,1
B.1.1.528,BA.2.3.16,1
BA.2.10.1,BA.1.9,1
P.1.1,B.1.1.368,1
AY.127.1,B.1.1.368,1
BA.1.1.7,BA.2.31,1
BQ.1*,CK.2.1.1,1
BA.5,BA.2.25,1
AY.112*,B.1.1.176,1
BE.4.1.1,BF.5*,1
AY.60,AY.4.2*,1
AY.39,B.1.1.7*,1
BA.2.12.1*,BF.7*,1
B.1.621*,B.1.617.2,1
BF.13*,BA.2,1
BE.1.1*,BF.7*,1
BA.2.75.2*,BE.1.1*,1
P.1.1,B.1.1.397,1
B.1.526,B.1.1.322,1
AY.122.4,AY.33.1,1
BQ.1.1.13*,BA.2.17,1
BQ.1.17,BA.5.2*,1
BA.5.6*,BA.4.6,1
AY.39.1,BA.1.1*,1
AY.101*,BA.1.1*,1
BF.31.1,BQ.1*,1
BF.5*,BN.1.3*,1
BA.5.2.1*,BG.3,1
BA.5,BA.2.38,1
B.1.617.2,B.1.1.322,1
BA.3.1,BA.2.10.1,1
BA.1.9,BA.2.45,1
B.1.221.4,B.1.160*,1
BA.5.2.2,BF.7.7,1
BA.3.1,BA.2.38,1
AY.4.17,AY.43.8,1
AY.4.2*,BA.1.13*,1
BQ.2,BA.5.1.12,1
AY.39,AY.9.2*,1
AY.123.1,AY.104,1
BA.5,BA.2.16,1
AY.35*,AY.30,1
BA.2.75.1*,BQ.1.1.6,1
BA.5.6*,BA.4.1*,1
B.1.160*,B.1.1.322,1
BG.2,BA.5,1
BA.2.12.1*,BA.4.1*,1
B.1.258.17*,B.1.1.7*,1
BA.5,BG.4,1
B.1.2*,B.1.1.368,1
B.1.525,B.1.1.7*,1
BQ.1.1.17,BA.4.1.4,1
BA.2.9.7,BA.5.1.12,1
B.1.427,B.1.1.7*,1
B.1.160*,B.1.177.81,1
B.1.1.7*,B.1.351.2,1
B.1.36.39,B.1.1.7*,1
BA.1.1.7,BA.2.9.1,1
P.1*,B.1.637,1
BA.2.70,BF.18,1
BN.1.3*,CR.1.1*,1
AY.39,AY.18,1
AY.66,AY.103.1,1
AY.112.3,AY.124.1,1
AY.122.6,AY.43.8,1
AY.123.1,AY.132,1
AY.75*,BA.1.9,1
BQ.1.1*,BA.2,1
BA.2.23,AY.116*,1
BA.1.9,BA.2.12.1*,1
B.1.621*,AY.28,1
BA.1.1*,BA.2.69,1
AY.134,AY.65,1
AY.43,B.1.1.322,1
BQ.1.1*,BA.2.17,1
BA.1.9,AY.66,1
BQ.2,BN.1.3*,1
AY.101*,BA.1.13*,1
AY.103*,BA.1.1*,1
BQ.1.1.17,BF.7*,1
BA.1.9,AY.112.3,1
AY.4,C.37*,1
BJ.1,BA.5.2*,1
AY.122.4,BA.1.1*,1
AY.18,AY.39,1
AY.14*,AY.25.1*,1
AY.112*,B.1.1.318,1
B.1.1.7*,AY.124,1
BE.4.1.1,BF.7.5.1,1
AY.112*,BA.2.3.1*,1
BA.1.1.7,BA.2.3.1*,1
BA.1.9,BA.2.38.2,1
B.1.621.1,AY.43.4*,1
AY.4.2*,B.1.1.322,1
AY.119,AY.47*,1
P.1.1,AY.43.6,1
AY.14*,B.1.525,1
B.1.1.7*,AY.65,1
BA.2.75.1*,CM.2*,1
BA.1.1.7,BA.2.17,1
BF.11.2,BA.5.1.12,1
BQ.2,BA.5.2*,1
CM.2*,DB.1*,1
BF.31.1,BQ.1.1.14,1
CM.2*,BA.5,1
BA.4.6,BQ.1*,1
BA.1.1.7,BA.4.1.9,1
BQ.1.1.26,BA.2.16,1
BA.2.3.16,BA.1.1*,1
BE.1.1*,BA.2.75.6,1
BQ.1.1*,BF.7*,1
BA.5.2*,BA.2.16,1
BG.5,BA.5.1.18,1
BF.7.5*,BM.1.1.1,1
BN.1.3*,BF.5*,1
BF.7.5.1,BA.2.17,1
AY.42,BA.1.1*,1
AY.33.1,BA.5.2.1*,1
BA.2.75.3*,BJ.1,1
BA.2.75.2*,BA.5.2.1*,1
BJ.1,CB.1,1
BA.2.75.2*,BQ.1.1.26,1
BE.4.1.1,BA.5.6*,1
BA.5.9,BU.1*,1
BQ.1.17,BM.1.1.1,1
BE.1.2.1,BA.4.4*,1
BA.5.2.45,BA.1.1*,1
AY.66,BA.1.13*,1
BA.5.1.12,BA.2.31,1
BL.1*,CK.2.1.1,1
BG.2,BA.5.1.18,1
BA.5.2*,BM.1.1.1,1
BQ.1.1.17,BE.1.4.2,1
BJ.1,BQ.1.1.6,1
BQ.1*,BM.1.1*,1
BQ.1.1.17,BF.7.7,1
BA.2.75.3*,BQ.1.1.26,1
BQ.1.1.6,BA.2.78,1
BA.4.6,BE.4.1.1,1
BA.2.75.1*,BA.5.2.1*,1
AY.42,BA.1.13*,1
BQ.1*,BA.2.17,1
BA.5.5*,BE.4.1.1,1
B.1.428*,A.3,1
BA.1.9,AY.25.1*,1
AY.4.17,AY.16,1
AY.95,AY.14*,1
AY.47*,AY.112*,1
AY.113,B.1.1.529,1
AY.111,B.1.1.529,1
AY.26,AY.43.8,1
AY.111,C.37*,1
AY.36,BA.1.9,1
AY.26,B.1.1.322,1
AY.122.1,AY.30,1
AY.4.2*,AY.75*,1
AY.46.6,AY.16,1
AY.99.2*,B.1.1.322,1
C.37*,P.1*,1
AY.14*,AY.3.3*,1
AY.75.2,AY.98,1
AY.22,AY.75.3,1
B.1.1.7*,B.1.617.2,1
AY.75*,B.1.1.322,1
AY.122.4,AY.60,1
AY.111,B.1.631,1
AY.43,AY.9.2*,1
AY.103*,BA.1.9,1
AY.4.17,B.1.1.529,1
AY.66,AY.3.1,1
BA.2.17,BA.3.1,1
AY.43,B.1.1.529,1
BA.2.38.1,BA.1.9,1
BA.1.1*,AY.16,1
BA.1.1*,AY.112.3,1
AY.25.1*,BA.1.9,1
BA.2.38.4,BA.1.9,1
BA.1.1*,AY.116*,1
BA.1.13*,AY.36.1,1
AY.119,P.7,1
AY.3.1,BA.1.9,1
BA.1.13*,B.1.617.2,1
BA.1.9,AY.122.6,1
AY.112*,BA.1.1.7,1
AY.36.1,P.7,1
BA.2.73,BA.3.1,1
AY.112*,BA.2.38.1,1
AY.111,BA.1.1.7,1
BA.1.13*,AY.116*,1
AY.98,C.37*,1
BA.3.1,BA.2.73,1
B.1.1.7*,AY.108,1
AY.134,AY.47*,1
P.1.1,B.1.1.241,1
B.1.258*,B.1.1.7*,1
B.1.526,B.1.2*,1
B.1.351.2,R.1,1
B.1.351.2,B.1.525,1
B.1.617.1,B.1.1.138,1
B.1.526,P.1*,1
B.1.429,P.1.1,1
B.1.617.1,B.1.36.29,1
B.1.429,B.1.1.368,1
B.1.1.7*,B.1.427,1
B.1.630,B.1.1.528,1
B.1.177.7*,B.1.1.141,1
B.1.36.27,B.1.1.7*,1
B.1.177.82*,B.1.1.39,1
B.1.160*,B.1.1.39,1
B.1.177.44*,B.1.1.39,1
B.1.36.38,B.1.1.7*,1
B.1.149,B.1.1.7*,1
B.1.1.7*,B.1.160.23,1
B.1.177.21*,B.1.1.214,1
B.1.258.11*,B.1.1.7*,1
B.1.1.519,B.1.2*,1
B.1.177.82*,B.1.1.7*,1
B.1.525,R.1,1
B.1.36.9,B.1.1.7*,1
B.1.1.7*,B.1.177.86,1
C.30*,B.1.177.63,1
AY.39,AY.26,1
AY.14*,AY.3.1,1
AY.112*,AY.18,1
B.1.621*,P.1*,1
B.1.351,P.3,1
AY.122.6,B.1.1.7*,1
AY.113,B.1.351,1
AY.36.1,AY.66,1
AY.25.1*,B.1.1.7*,1
AY.42,AY.9.2*,1
AY.4.17,AY.24.1,1
AY.67,AY.14*,1
AY.9.2*,AY.111,1
AY.66,B.1.351,1
AZ.6,B.1.1.322,1
AY.47*,P.1.7*,1
B.1.351,B.1.1.406,1
AY.112*,C.36,1
B.1.617.1,AY.30,1
AY.98,P.1*,1
B.1.1.7*,P.1*,1
P.1.1,C.37*,1
AY.122.6,BA.1.9,1
BE.1.1*,BA.2.17,1
BA.5.6*,BA.2.16,1
BF.5*,BA.4.1*,1
BF.7*,BA.4.3,1
BA.2.3.16,BF.31,1
BE.3,BA.2.17,1
BE.3,BA.4.1.4,1
BA.5,BA.2.9.4,1
C.36.3.1,B.1.1.529,1
BA.1.13*,BA.2.7*,1
BA.2.37*,AY.113,1
BA.5,BG.2,1
BG.2,BF.7*,1
BA.5.2.9*,BA.2.17,1
BA.5.2.2,BA.4.1*,1
BA.5.5*,BA.2.38,1
BE.1.1*,BA.4.1.4,1
BA.5.2.1*,BA.2.3.1*,1
BA.5.2.11*,BA.2.17,1
BA.2.12.1*,BA.4.5,1
BA.2.3.16,BA.5.2*,1
AY.112*,BA.2.23,1
BA.3.1,BA.2,1
AY.4.2.5,B.1.1.63,1
BA.1.13*,BA.2.3.1*,1
AY.4.11,BA.1.1.7,1
BA.3.1,BA.2.3.1*,1
BA.2.7*,BA.1.1*,1
AY.39,BA.1.13*,1
BA.2.69,BA.1.13*,1
BA.2.12.1*,BA.3.1,1
AY.113,BA.1.1*,1
BA.1.1.7,BA.2.10.1,1
BA.1.9,BA.2.48*,1
BA.1.1*,BA.2.16,1
BA.1.1.7,BA.2.12.1*,1
BA.2.3.16,B.1.1.39,1
BA.1.1.7,BA.2.45,1
BA.1.1.7,BA.2.53,1
BA.2.56,BA.1.9,1
BA.2.14*,BA.1.1.7,1
AY.43.8,BA.1.1*,1
BA.1.9,BA.2.21,1
BA.2.3.16,B.1.1.261,1
BA.2.38,BA.3.1,1
